{   
    "Lp01_00": {
    "zamanlama": "45 21 * * *",
    "veritabanlari": ["OMS-18-20","OMS-Mongo-18-20","OMS-1-20"]
    },
    "Lp_Canias": {
        "zamanlama": "45 21 * * *",
        "veritabanlari": ["Canias"]
    },
    "Lp_TALEP_PORTAL": {
            "zamanlama": "45 21 * * *",
            "veritabanlari": ["TALEP_PORTAL"]
    },
    "Lp01_30": {
        "zamanlama": "30 22 * * *",
        "veritabanlari": ["DWH-EDW"]
        },
    "Lp03_00": {
        "zamanlama": "0 00 * * *",
        "veritabanlari": ["AxTrax-03","AxTrax1-03","DD-Canias803_Prod-lp-03-00","ACCESSCONTROL-03","DD-Bionet-03","DD-Canias803_Prod-lp06-40"]
    },
    "Lp04_00": {
        "zamanlama": "0 1 * * *",
        "veritabanlari": ["CBS-04","ARILSDM-04"]
    },
    "Lp04-30": {
        "zamanlama": "30 1 * * *",
        "veritabanlari": ["MBS-04-30","Inavitas-22-3"]
    },
    "Lp05-00": {
        "zamanlama": "0 2 * * *",
        "veritabanlari": ["CBS-05","DWH-DM"]
    },
    "Lp06-00": {
        "zamanlama": "0 3 * * *",
        "veritabanlari": ["CBS-06"]
    },
    "Lp06-40": {
        "zamanlama": "40 3 * * *",
        "veritabanlari": ["DD-Canias803_Prod-lp06-40"]
    },
    "Lp18-00": {
        "zamanlama": "0 15 * * *",
        "veritabanlari": ["CBS-18", "MBS-18", "DWH-18"]
    },
    "Lp18-10": {
        "zamanlama": "10 15 * * *",
        "veritabanlari": ["MBS-18-10","DICLE_PS-18","DICLE_DG-18","TekSayacAyar"]
    },
    "Lp18-20": {
        "zamanlama": "20 15 * * *",
        "veritabanlari": ["MBS-18-20", "DWH-18-20","EKSIM-18-20","SAPS3-18-20","SAPSR3-18-20-csv"]
    },
    "Lp18-30": {
        "zamanlama": "30 15 * * *",
        "veritabanlari": ["DD-BUSINESS_FLOWS-18-30","DHP-18-30"]
    },
    "Lp18-45": {
        "zamanlama": "45 15 * * *",
        "veritabanlari": ["SAPS3-18-45"]
    },
    "Lp19-00": {
        "zamanlama": "0 16 * * *",
        "veritabanlari": ["MBS-19"]
    },
    "Lp19-30": {
        "zamanlama": "30 16 * * *",
        "veritabanlari": ["MBS-19-30", "DD-OYS-19-30"]
    },
    "Lp20-00": {
        "zamanlama": "0 17 * * *",
        "veritabanlari": ["HOPE-20","SAPS3-20","SAPSR3-20-csv","SAPSR3-DEP-20"]
    },
    "Lp22-30": {
        "zamanlama": "30 19 * * *",
        "veritabanlari": ["CBS-22-30", "Inavitas-22-30", "MBS-22-30", "DWH-22-30","HOPE-22-30", "HOPE_DEPSAS-22-30","HOPE_DEPSAS-csv","HOPE-csv"]
    },
    "Lp23-00": {
        "zamanlama": "0 20 * * *",
        "veritabanlari": ["SKTS-23", "DWH-23"]
    },
    
    "Lpxx-20": {
        "zamanlama": "20 * * * *",
        "veritabanlari": ["Inavitas-xx-20","DD-ENERJICEKISLERI-xx-20","ODI-LOG"]
    },
     "Lpxx-35": {
        "zamanlama": "35 4,5,6,7,8 * * *",
        "veritabanlari": ["MBS-LP-1"]
    },
    "Lp3xx-10": {
        "zamanlama": "10 7,10,13,16 * * *",
        "veritabanlari": ["MBS-xx-3"]
    },
    "Lp3xx": {
        "zamanlama": "0 5,8,11,14,17 * * *",
        "veritabanlari": ["DD-OYS-3-10", "DD-OYS-18-20"]
    },
    "Lpxx-30": {
        "zamanlama": "30 * * * *",
        "veritabanlari": ["SKTS-xx-30"]
    },
    "Lpxx-40": {
        "zamanlama": "40 * * * *",
        "veritabanlari": ["SKTS-xx-40","DD-SAHAKACAKTAKIP-xx-40"]
    },
    "Test": {
        "zamanlama": "40 12 * * 1",
        "veritabanlari": ["DWH-FCT"]
    },

   
    "Test4": {
        "zamanlama": "40 12 * * 1",
        "veritabanlari": ["DWH-DM-18"]
    },
    "Test5": {
        "zamanlama": "40 12 * * 1",
        "veritabanlari": ["HOPE_DEPSAS-csv"]
    }
  
}
